sku,centro_distribucion,fecha,cantidad,proveedor,categoria,origen_dato
DEMO-BOLT-AURORA,DC-NORTH,2024-01-01,98,Acme Sample Supply,Fasteners,sintetico
DEMO-BOLT-AURORA,DC-NORTH,2024-02-01,99,Acme Sample Supply,Fasteners,sintetico
DEMO-BOLT-AURORA,DC-NORTH,2024-03-01,100,Acme Sample Supply,Fasteners,sintetico
DEMO-BOLT-AURORA,DC-NORTH,2024-04-01,101,Acme Sample Supply,Fasteners,sintetico
DEMO-BOLT-AURORA,DC-NORTH,2024-05-01,102,Acme Sample Supply,Fasteners,sintetico
DEMO-BOLT-AURORA,DC-NORTH,2024-06-01,98,Acme Sample Supply,Fasteners,sintetico
DEMO-BOLT-AURORA,DC-NORTH,2024-07-01,99,Acme Sample Supply,Fasteners,sintetico
DEMO-BOLT-AURORA,DC-NORTH,2024-08-01,100,Acme Sample Supply,Fasteners,sintetico
DEMO-BOLT-AURORA,DC-NORTH,2024-09-01,101,Acme Sample Supply,Fasteners,sintetico
DEMO-BOLT-AURORA,DC-NORTH,2024-10-01,102,Acme Sample Supply,Fasteners,sintetico
DEMO-BOLT-AURORA,DC-NORTH,2024-11-01,98,Acme Sample Supply,Fasteners,sintetico
DEMO-BOLT-AURORA,DC-NORTH,2024-12-01,99,Acme Sample Supply,Fasteners,sintetico
DEMO-BOLT-AURORA,DC-NORTH,2025-01-01,100,Acme Sample Supply,Fasteners,sintetico
DEMO-BOLT-AURORA,DC-NORTH,2025-02-01,101,Acme Sample Supply,Fasteners,sintetico
DEMO-BOLT-AURORA,DC-NORTH,2025-03-01,102,Acme Sample Supply,Fasteners,sintetico
DEMO-BOLT-AURORA,DC-NORTH,2025-04-01,98,Acme Sample Supply,Fasteners,sintetico
DEMO-BOLT-AURORA,DC-NORTH,2025-05-01,99,Acme Sample Supply,Fasteners,sintetico
DEMO-BOLT-AURORA,DC-NORTH,2025-06-01,100,Acme Sample Supply,Fasteners,sintetico
DEMO-BOLT-AURORA,DC-NORTH,2025-07-01,101,Acme Sample Supply,Fasteners,sintetico
DEMO-BOLT-AURORA,DC-NORTH,2025-08-01,102,Acme Sample Supply,Fasteners,sintetico
DEMO-BOLT-AURORA,DC-NORTH,2025-09-01,98,Acme Sample Supply,Fasteners,sintetico
DEMO-BOLT-AURORA,DC-NORTH,2025-10-01,99,Acme Sample Supply,Fasteners,sintetico
DEMO-BOLT-AURORA,DC-NORTH,2025-11-01,100,Acme Sample Supply,Fasteners,sintetico
DEMO-BOLT-AURORA,DC-NORTH,2025-12-01,101,Acme Sample Supply,Fasteners,sintetico
DEMO-BOLT-AURORA,DC-SOUTH,2024-01-01,89,Acme Sample Supply,Fasteners,sintetico
DEMO-BOLT-AURORA,DC-SOUTH,2024-02-01,90,Acme Sample Supply,Fasteners,sintetico
DEMO-BOLT-AURORA,DC-SOUTH,2024-03-01,91,Acme Sample Supply,Fasteners,sintetico
DEMO-BOLT-AURORA,DC-SOUTH,2024-04-01,92,Acme Sample Supply,Fasteners,sintetico
DEMO-BOLT-AURORA,DC-SOUTH,2024-05-01,89,Acme Sample Supply,Fasteners,sintetico
DEMO-BOLT-AURORA,DC-SOUTH,2024-06-01,90,Acme Sample Supply,Fasteners,sintetico
DEMO-BOLT-AURORA,DC-SOUTH,2024-07-01,91,Acme Sample Supply,Fasteners,sintetico
DEMO-BOLT-AURORA,DC-SOUTH,2024-08-01,92,Acme Sample Supply,Fasteners,sintetico
DEMO-BOLT-AURORA,DC-SOUTH,2024-09-01,89,Acme Sample Supply,Fasteners,sintetico
DEMO-BOLT-AURORA,DC-SOUTH,2024-10-01,90,Acme Sample Supply,Fasteners,sintetico
DEMO-BOLT-AURORA,DC-SOUTH,2024-11-01,91,Acme Sample Supply,Fasteners,sintetico
DEMO-BOLT-AURORA,DC-SOUTH,2024-12-01,92,Acme Sample Supply,Fasteners,sintetico
DEMO-BOLT-AURORA,DC-SOUTH,2025-01-01,89,Acme Sample Supply,Fasteners,sintetico
DEMO-BOLT-AURORA,DC-SOUTH,2025-02-01,90,Acme Sample Supply,Fasteners,sintetico
DEMO-BOLT-AURORA,DC-SOUTH,2025-03-01,91,Acme Sample Supply,Fasteners,sintetico
DEMO-BOLT-AURORA,DC-SOUTH,2025-04-01,92,Acme Sample Supply,Fasteners,sintetico
DEMO-BOLT-AURORA,DC-SOUTH,2025-05-01,89,Acme Sample Supply,Fasteners,sintetico
DEMO-BOLT-AURORA,DC-SOUTH,2025-06-01,90,Acme Sample Supply,Fasteners,sintetico
DEMO-BOLT-AURORA,DC-SOUTH,2025-07-01,91,Acme Sample Supply,Fasteners,sintetico
DEMO-BOLT-AURORA,DC-SOUTH,2025-08-01,92,Acme Sample Supply,Fasteners,sintetico
DEMO-BOLT-AURORA,DC-SOUTH,2025-09-01,89,Acme Sample Supply,Fasteners,sintetico
DEMO-BOLT-AURORA,DC-SOUTH,2025-10-01,90,Acme Sample Supply,Fasteners,sintetico
DEMO-BOLT-AURORA,DC-SOUTH,2025-11-01,91,Acme Sample Supply,Fasteners,sintetico
DEMO-BOLT-AURORA,DC-SOUTH,2025-12-01,92,Acme Sample Supply,Fasteners,sintetico
DEMO-WIDGET-BOREAL,DC-NORTH,2024-01-01,95,Northwind Demo Parts,Widgets,sintetico
DEMO-WIDGET-BOREAL,DC-NORTH,2024-02-01,96,Northwind Demo Parts,Widgets,sintetico
DEMO-WIDGET-BOREAL,DC-NORTH,2024-03-01,97,Northwind Demo Parts,Widgets,sintetico
DEMO-WIDGET-BOREAL,DC-NORTH,2024-04-01,95,Northwind Demo Parts,Widgets,sintetico
DEMO-WIDGET-BOREAL,DC-NORTH,2024-05-01,96,Northwind Demo Parts,Widgets,sintetico
DEMO-WIDGET-BOREAL,DC-NORTH,2024-06-01,97,Northwind Demo Parts,Widgets,sintetico
DEMO-WIDGET-BOREAL,DC-NORTH,2024-07-01,95,Northwind Demo Parts,Widgets,sintetico
DEMO-WIDGET-BOREAL,DC-NORTH,2024-08-01,96,Northwind Demo Parts,Widgets,sintetico
DEMO-WIDGET-BOREAL,DC-NORTH,2024-09-01,97,Northwind Demo Parts,Widgets,sintetico
DEMO-WIDGET-BOREAL,DC-NORTH,2024-10-01,95,Northwind Demo Parts,Widgets,sintetico
DEMO-WIDGET-BOREAL,DC-NORTH,2024-11-01,96,Northwind Demo Parts,Widgets,sintetico
DEMO-WIDGET-BOREAL,DC-NORTH,2024-12-01,97,Northwind Demo Parts,Widgets,sintetico
DEMO-WIDGET-BOREAL,DC-NORTH,2025-01-01,95,Northwind Demo Parts,Widgets,sintetico
DEMO-WIDGET-BOREAL,DC-NORTH,2025-02-01,96,Northwind Demo Parts,Widgets,sintetico
DEMO-WIDGET-BOREAL,DC-NORTH,2025-03-01,97,Northwind Demo Parts,Widgets,sintetico
DEMO-WIDGET-BOREAL,DC-NORTH,2025-04-01,95,Northwind Demo Parts,Widgets,sintetico
DEMO-WIDGET-BOREAL,DC-NORTH,2025-05-01,96,Northwind Demo Parts,Widgets,sintetico
DEMO-WIDGET-BOREAL,DC-NORTH,2025-06-01,97,Northwind Demo Parts,Widgets,sintetico
DEMO-WIDGET-BOREAL,DC-NORTH,2025-07-01,95,Northwind Demo Parts,Widgets,sintetico
DEMO-WIDGET-BOREAL,DC-NORTH,2025-08-01,96,Northwind Demo Parts,Widgets,sintetico
DEMO-WIDGET-BOREAL,DC-NORTH,2025-09-01,97,Northwind Demo Parts,Widgets,sintetico
DEMO-WIDGET-BOREAL,DC-NORTH,2025-10-01,95,Northwind Demo Parts,Widgets,sintetico
DEMO-WIDGET-BOREAL,DC-NORTH,2025-11-01,96,Northwind Demo Parts,Widgets,sintetico
DEMO-WIDGET-BOREAL,DC-NORTH,2025-12-01,97,Northwind Demo Parts,Widgets,sintetico
DEMO-WIDGET-BOREAL,DC-WEST,2024-01-01,110,Northwind Demo Parts,Widgets,sintetico
DEMO-WIDGET-BOREAL,DC-WEST,2024-02-01,111,Northwind Demo Parts,Widgets,sintetico
DEMO-WIDGET-BOREAL,DC-WEST,2024-03-01,72,Northwind Demo Parts,Widgets,sintetico
DEMO-WIDGET-BOREAL,DC-WEST,2024-04-01,70,Northwind Demo Parts,Widgets,sintetico
DEMO-WIDGET-BOREAL,DC-WEST,2024-05-01,71,Northwind Demo Parts,Widgets,sintetico
DEMO-WIDGET-BOREAL,DC-WEST,2024-06-01,72,Northwind Demo Parts,Widgets,sintetico
DEMO-WIDGET-BOREAL,DC-WEST,2024-07-01,70,Northwind Demo Parts,Widgets,sintetico
DEMO-WIDGET-BOREAL,DC-WEST,2024-08-01,71,Northwind Demo Parts,Widgets,sintetico
DEMO-WIDGET-BOREAL,DC-WEST,2024-09-01,72,Northwind Demo Parts,Widgets,sintetico
DEMO-WIDGET-BOREAL,DC-WEST,2024-10-01,70,Northwind Demo Parts,Widgets,sintetico
DEMO-WIDGET-BOREAL,DC-WEST,2024-11-01,111,Northwind Demo Parts,Widgets,sintetico
DEMO-WIDGET-BOREAL,DC-WEST,2024-12-01,112,Northwind Demo Parts,Widgets,sintetico
DEMO-WIDGET-BOREAL,DC-WEST,2025-01-01,110,Northwind Demo Parts,Widgets,sintetico
DEMO-WIDGET-BOREAL,DC-WEST,2025-02-01,111,Northwind Demo Parts,Widgets,sintetico
DEMO-WIDGET-BOREAL,DC-WEST,2025-03-01,72,Northwind Demo Parts,Widgets,sintetico
DEMO-WIDGET-BOREAL,DC-WEST,2025-04-01,70,Northwind Demo Parts,Widgets,sintetico
DEMO-WIDGET-BOREAL,DC-WEST,2025-05-01,71,Northwind Demo Parts,Widgets,sintetico
DEMO-WIDGET-BOREAL,DC-WEST,2025-06-01,72,Northwind Demo Parts,Widgets,sintetico
DEMO-WIDGET-BOREAL,DC-WEST,2025-07-01,70,Northwind Demo Parts,Widgets,sintetico
DEMO-WIDGET-BOREAL,DC-WEST,2025-08-01,71,Northwind Demo Parts,Widgets,sintetico
DEMO-WIDGET-BOREAL,DC-WEST,2025-09-01,72,Northwind Demo Parts,Widgets,sintetico
DEMO-WIDGET-BOREAL,DC-WEST,2025-10-01,70,Northwind Demo Parts,Widgets,sintetico
DEMO-WIDGET-BOREAL,DC-WEST,2025-11-01,111,Northwind Demo Parts,Widgets,sintetico
DEMO-WIDGET-BOREAL,DC-WEST,2025-12-01,112,Northwind Demo Parts,Widgets,sintetico
DEMO-GAUGE-CINDER,DC-SOUTH,2024-01-01,20,Contoso Fictional Co,Spares,sintetico
DEMO-GAUGE-CINDER,DC-SOUTH,2024-02-01,220,Contoso Fictional Co,Spares,sintetico
DEMO-GAUGE-CINDER,DC-SOUTH,2024-03-01,20,Contoso Fictional Co,Spares,sintetico
DEMO-GAUGE-CINDER,DC-SOUTH,2024-04-01,220,Contoso Fictional Co,Spares,sintetico
DEMO-GAUGE-CINDER,DC-SOUTH,2024-05-01,20,Contoso Fictional Co,Spares,sintetico
DEMO-GAUGE-CINDER,DC-SOUTH,2024-06-01,220,Contoso Fictional Co,Spares,sintetico
DEMO-GAUGE-CINDER,DC-SOUTH,2024-07-01,20,Contoso Fictional Co,Spares,sintetico
DEMO-GAUGE-CINDER,DC-SOUTH,2024-08-01,220,Contoso Fictional Co,Spares,sintetico
DEMO-GAUGE-CINDER,DC-SOUTH,2024-09-01,20,Contoso Fictional Co,Spares,sintetico
DEMO-GAUGE-CINDER,DC-SOUTH,2024-10-01,220,Contoso Fictional Co,Spares,sintetico
DEMO-GAUGE-CINDER,DC-SOUTH,2024-11-01,20,Contoso Fictional Co,Spares,sintetico
DEMO-GAUGE-CINDER,DC-SOUTH,2024-12-01,220,Contoso Fictional Co,Spares,sintetico
DEMO-GAUGE-CINDER,DC-SOUTH,2025-01-01,20,Contoso Fictional Co,Spares,sintetico
DEMO-GAUGE-CINDER,DC-SOUTH,2025-02-01,220,Contoso Fictional Co,Spares,sintetico
DEMO-GAUGE-CINDER,DC-SOUTH,2025-03-01,20,Contoso Fictional Co,Spares,sintetico
DEMO-GAUGE-CINDER,DC-SOUTH,2025-04-01,220,Contoso Fictional Co,Spares,sintetico
DEMO-GAUGE-CINDER,DC-SOUTH,2025-05-01,20,Contoso Fictional Co,Spares,sintetico
DEMO-GAUGE-CINDER,DC-SOUTH,2025-06-01,220,Contoso Fictional Co,Spares,sintetico
DEMO-GAUGE-CINDER,DC-SOUTH,2025-07-01,20,Contoso Fictional Co,Spares,sintetico
DEMO-GAUGE-CINDER,DC-SOUTH,2025-08-01,220,Contoso Fictional Co,Spares,sintetico
DEMO-GAUGE-CINDER,DC-SOUTH,2025-09-01,20,Contoso Fictional Co,Spares,sintetico
DEMO-GAUGE-CINDER,DC-SOUTH,2025-10-01,220,Contoso Fictional Co,Spares,sintetico
DEMO-GAUGE-CINDER,DC-SOUTH,2025-11-01,20,Contoso Fictional Co,Spares,sintetico
DEMO-GAUGE-CINDER,DC-SOUTH,2025-12-01,220,Contoso Fictional Co,Spares,sintetico
DEMO-SPOOL-DRIFT,DC-WEST,2024-01-01,98,Acme Sample Supply,Widgets,sintetico
DEMO-SPOOL-DRIFT,DC-WEST,2024-02-01,99,Acme Sample Supply,Widgets,sintetico
DEMO-SPOOL-DRIFT,DC-WEST,2024-03-01,100,Acme Sample Supply,Widgets,sintetico
DEMO-SPOOL-DRIFT,DC-WEST,2024-04-01,101,Acme Sample Supply,Widgets,sintetico
DEMO-SPOOL-DRIFT,DC-WEST,2024-05-01,102,Acme Sample Supply,Widgets,sintetico
DEMO-SPOOL-DRIFT,DC-WEST,2024-06-01,98,Acme Sample Supply,Widgets,sintetico
DEMO-SPOOL-DRIFT,DC-WEST,2024-07-01,99,Acme Sample Supply,Widgets,sintetico
DEMO-SPOOL-DRIFT,DC-WEST,2024-08-01,100,Acme Sample Supply,Widgets,sintetico
DEMO-SPOOL-DRIFT,DC-WEST,2024-09-01,101,Acme Sample Supply,Widgets,sintetico
DEMO-SPOOL-DRIFT,DC-WEST,2024-10-01,102,Acme Sample Supply,Widgets,sintetico
DEMO-SPOOL-DRIFT,DC-WEST,2024-11-01,98,Acme Sample Supply,Widgets,sintetico
DEMO-SPOOL-DRIFT,DC-WEST,2024-12-01,99,Acme Sample Supply,Widgets,sintetico
DEMO-SPOOL-DRIFT,DC-WEST,2025-01-01,100,Acme Sample Supply,Widgets,sintetico
DEMO-SPOOL-DRIFT,DC-WEST,2025-02-01,101,Acme Sample Supply,Widgets,sintetico
DEMO-SPOOL-DRIFT,DC-WEST,2025-03-01,102,Acme Sample Supply,Widgets,sintetico
DEMO-SPOOL-DRIFT,DC-WEST,2025-04-01,98,Acme Sample Supply,Widgets,sintetico
DEMO-SPOOL-DRIFT,DC-WEST,2025-05-01,99,Acme Sample Supply,Widgets,sintetico
DEMO-SPOOL-DRIFT,DC-WEST,2025-06-01,100,Acme Sample Supply,Widgets,sintetico
DEMO-SPOOL-DRIFT,DC-WEST,2025-07-01,101,Acme Sample Supply,Widgets,sintetico
DEMO-SPOOL-DRIFT,DC-WEST,2025-08-01,102,Acme Sample Supply,Widgets,sintetico
DEMO-SPOOL-DRIFT,DC-WEST,2025-09-01,98,Acme Sample Supply,Widgets,sintetico
DEMO-SPOOL-DRIFT,DC-WEST,2025-10-01,99,Acme Sample Supply,Widgets,sintetico
DEMO-SPOOL-DRIFT,DC-WEST,2025-11-01,100,Acme Sample Supply,Widgets,sintetico
DEMO-SPOOL-DRIFT,DC-WEST,2025-12-01,101,Acme Sample Supply,Widgets,sintetico
DEMO-LATCH-EMBER,DC-NORTH,2024-01-01,30,Northwind Demo Parts,Fasteners,sintetico
DEMO-LATCH-EMBER,DC-NORTH,2024-02-01,0,Northwind Demo Parts,Fasteners,sintetico
DEMO-LATCH-EMBER,DC-NORTH,2024-03-01,0,Northwind Demo Parts,Fasteners,sintetico
DEMO-LATCH-EMBER,DC-NORTH,2024-04-01,30,Northwind Demo Parts,Fasteners,sintetico
DEMO-LATCH-EMBER,DC-NORTH,2024-05-01,0,Northwind Demo Parts,Fasteners,sintetico
DEMO-LATCH-EMBER,DC-NORTH,2024-06-01,0,Northwind Demo Parts,Fasteners,sintetico
DEMO-LATCH-EMBER,DC-NORTH,2024-07-01,30,Northwind Demo Parts,Fasteners,sintetico
DEMO-LATCH-EMBER,DC-NORTH,2024-08-01,0,Northwind Demo Parts,Fasteners,sintetico
DEMO-LATCH-EMBER,DC-NORTH,2024-09-01,0,Northwind Demo Parts,Fasteners,sintetico
DEMO-LATCH-EMBER,DC-NORTH,2024-10-01,30,Northwind Demo Parts,Fasteners,sintetico
DEMO-LATCH-EMBER,DC-NORTH,2024-11-01,0,Northwind Demo Parts,Fasteners,sintetico
DEMO-LATCH-EMBER,DC-NORTH,2024-12-01,0,Northwind Demo Parts,Fasteners,sintetico
DEMO-LATCH-EMBER,DC-NORTH,2025-01-01,30,Northwind Demo Parts,Fasteners,sintetico
DEMO-LATCH-EMBER,DC-NORTH,2025-02-01,0,Northwind Demo Parts,Fasteners,sintetico
DEMO-LATCH-EMBER,DC-NORTH,2025-03-01,0,Northwind Demo Parts,Fasteners,sintetico
DEMO-LATCH-EMBER,DC-NORTH,2025-04-01,30,Northwind Demo Parts,Fasteners,sintetico
DEMO-LATCH-EMBER,DC-NORTH,2025-05-01,0,Northwind Demo Parts,Fasteners,sintetico
DEMO-LATCH-EMBER,DC-NORTH,2025-06-01,0,Northwind Demo Parts,Fasteners,sintetico
DEMO-LATCH-EMBER,DC-NORTH,2025-07-01,30,Northwind Demo Parts,Fasteners,sintetico
DEMO-LATCH-EMBER,DC-NORTH,2025-08-01,0,Northwind Demo Parts,Fasteners,sintetico
DEMO-LATCH-EMBER,DC-NORTH,2025-09-01,0,Northwind Demo Parts,Fasteners,sintetico
DEMO-LATCH-EMBER,DC-NORTH,2025-10-01,30,Northwind Demo Parts,Fasteners,sintetico
DEMO-LATCH-EMBER,DC-NORTH,2025-11-01,0,Northwind Demo Parts,Fasteners,sintetico
DEMO-LATCH-EMBER,DC-NORTH,2025-12-01,0,Northwind Demo Parts,Fasteners,sintetico
DEMO-HINGE-FROST,DC-SOUTH,2024-01-01,8,Contoso Fictional Co,Spares,sintetico
DEMO-HINGE-FROST,DC-SOUTH,2024-02-01,0,Contoso Fictional Co,Spares,sintetico
DEMO-HINGE-FROST,DC-SOUTH,2024-03-01,0,Contoso Fictional Co,Spares,sintetico
DEMO-HINGE-FROST,DC-SOUTH,2024-04-01,0,Contoso Fictional Co,Spares,sintetico
DEMO-HINGE-FROST,DC-SOUTH,2024-05-01,120,Contoso Fictional Co,Spares,sintetico
DEMO-HINGE-FROST,DC-SOUTH,2024-06-01,0,Contoso Fictional Co,Spares,sintetico
DEMO-HINGE-FROST,DC-SOUTH,2024-07-01,0,Contoso Fictional Co,Spares,sintetico
DEMO-HINGE-FROST,DC-SOUTH,2024-08-01,0,Contoso Fictional Co,Spares,sintetico
DEMO-HINGE-FROST,DC-SOUTH,2024-09-01,0,Contoso Fictional Co,Spares,sintetico
DEMO-HINGE-FROST,DC-SOUTH,2024-10-01,15,Contoso Fictional Co,Spares,sintetico
DEMO-HINGE-FROST,DC-SOUTH,2024-11-01,0,Contoso Fictional Co,Spares,sintetico
DEMO-HINGE-FROST,DC-SOUTH,2024-12-01,0,Contoso Fictional Co,Spares,sintetico
DEMO-HINGE-FROST,DC-SOUTH,2025-01-01,0,Contoso Fictional Co,Spares,sintetico
DEMO-HINGE-FROST,DC-SOUTH,2025-02-01,0,Contoso Fictional Co,Spares,sintetico
DEMO-HINGE-FROST,DC-SOUTH,2025-03-01,200,Contoso Fictional Co,Spares,sintetico
DEMO-HINGE-FROST,DC-SOUTH,2025-04-01,0,Contoso Fictional Co,Spares,sintetico
DEMO-HINGE-FROST,DC-SOUTH,2025-05-01,0,Contoso Fictional Co,Spares,sintetico
DEMO-HINGE-FROST,DC-SOUTH,2025-06-01,0,Contoso Fictional Co,Spares,sintetico
DEMO-HINGE-FROST,DC-SOUTH,2025-07-01,0,Contoso Fictional Co,Spares,sintetico
DEMO-HINGE-FROST,DC-SOUTH,2025-08-01,12,Contoso Fictional Co,Spares,sintetico
DEMO-HINGE-FROST,DC-SOUTH,2025-09-01,0,Contoso Fictional Co,Spares,sintetico
DEMO-HINGE-FROST,DC-SOUTH,2025-10-01,0,Contoso Fictional Co,Spares,sintetico
DEMO-HINGE-FROST,DC-SOUTH,2025-11-01,0,Contoso Fictional Co,Spares,sintetico
DEMO-HINGE-FROST,DC-SOUTH,2025-12-01,90,Contoso Fictional Co,Spares,sintetico
DEMO-NOZZLE-GALE,DC-WEST,2024-01-01,148,Acme Sample Supply,Spares,sintetico
DEMO-NOZZLE-GALE,DC-WEST,2024-02-01,149,Acme Sample Supply,Spares,sintetico
DEMO-NOZZLE-GALE,DC-WEST,2024-03-01,150,Acme Sample Supply,Spares,sintetico
DEMO-NOZZLE-GALE,DC-WEST,2024-04-01,151,Acme Sample Supply,Spares,sintetico
DEMO-NOZZLE-GALE,DC-WEST,2024-05-01,152,Acme Sample Supply,Spares,sintetico
DEMO-NOZZLE-GALE,DC-WEST,2024-06-01,148,Acme Sample Supply,Spares,sintetico
DEMO-NOZZLE-GALE,DC-WEST,2024-07-01,149,Acme Sample Supply,Spares,sintetico
DEMO-NOZZLE-GALE,DC-WEST,2024-08-01,150,Acme Sample Supply,Spares,sintetico
DEMO-NOZZLE-GALE,DC-WEST,2024-09-01,151,Acme Sample Supply,Spares,sintetico
DEMO-NOZZLE-GALE,DC-WEST,2024-10-01,152,Acme Sample Supply,Spares,sintetico
DEMO-NOZZLE-GALE,DC-WEST,2024-11-01,148,Acme Sample Supply,Spares,sintetico
DEMO-NOZZLE-GALE,DC-WEST,2024-12-01,149,Acme Sample Supply,Spares,sintetico
DEMO-NOZZLE-GALE,DC-WEST,2025-01-01,150,Acme Sample Supply,Spares,sintetico
DEMO-NOZZLE-GALE,DC-WEST,2025-02-01,151,Acme Sample Supply,Spares,sintetico
DEMO-NOZZLE-GALE,DC-WEST,2025-03-01,152,Acme Sample Supply,Spares,sintetico
DEMO-NOZZLE-GALE,DC-WEST,2025-04-01,148,Acme Sample Supply,Spares,sintetico
DEMO-NOZZLE-GALE,DC-WEST,2025-05-01,149,Acme Sample Supply,Spares,sintetico
DEMO-NOZZLE-GALE,DC-WEST,2025-06-01,150,Acme Sample Supply,Spares,sintetico
DEMO-NOZZLE-GALE,DC-WEST,2025-07-01,151,Acme Sample Supply,Spares,sintetico
DEMO-NOZZLE-GALE,DC-WEST,2025-08-01,152,Acme Sample Supply,Spares,sintetico
DEMO-NOZZLE-GALE,DC-WEST,2025-09-01,148,Acme Sample Supply,Spares,sintetico
DEMO-NOZZLE-GALE,DC-WEST,2025-10-01,149,Acme Sample Supply,Spares,sintetico
DEMO-NOZZLE-GALE,DC-WEST,2025-11-01,150,Acme Sample Supply,Spares,sintetico
DEMO-NOZZLE-GALE,DC-WEST,2025-12-01,151,Acme Sample Supply,Spares,sintetico
DEMO-PIN-HARBOR,DC-NORTH,2024-01-01,79,Northwind Demo Parts,Widgets,sintetico
DEMO-PIN-HARBOR,DC-NORTH,2024-02-01,80,Northwind Demo Parts,Widgets,sintetico
DEMO-PIN-HARBOR,DC-NORTH,2024-03-01,81,Northwind Demo Parts,Widgets,sintetico
DEMO-PIN-HARBOR,DC-NORTH,2024-04-01,79,Northwind Demo Parts,Widgets,sintetico
DEMO-PIN-HARBOR,DC-NORTH,2024-05-01,80,Northwind Demo Parts,Widgets,sintetico
DEMO-PIN-HARBOR,DC-NORTH,2024-06-01,81,Northwind Demo Parts,Widgets,sintetico
DEMO-PIN-HARBOR,DC-NORTH,2024-07-01,79,Northwind Demo Parts,Widgets,sintetico
DEMO-PIN-HARBOR,DC-NORTH,2024-08-01,80,Northwind Demo Parts,Widgets,sintetico
DEMO-PIN-HARBOR,DC-NORTH,2024-09-01,81,Northwind Demo Parts,Widgets,sintetico
DEMO-PIN-HARBOR,DC-NORTH,2024-10-01,79,Northwind Demo Parts,Widgets,sintetico
DEMO-PIN-HARBOR,DC-NORTH,2024-11-01,80,Northwind Demo Parts,Widgets,sintetico
DEMO-PIN-HARBOR,DC-NORTH,2024-12-01,81,Northwind Demo Parts,Widgets,sintetico
DEMO-PIN-HARBOR,DC-NORTH,2025-01-01,79,Northwind Demo Parts,Widgets,sintetico
DEMO-PIN-HARBOR,DC-NORTH,2025-02-01,80,Northwind Demo Parts,Widgets,sintetico
DEMO-PIN-HARBOR,DC-NORTH,2025-03-01,81,Northwind Demo Parts,Widgets,sintetico
DEMO-PIN-HARBOR,DC-NORTH,2025-04-01,79,Northwind Demo Parts,Widgets,sintetico
DEMO-PIN-HARBOR,DC-NORTH,2025-05-01,80,Northwind Demo Parts,Widgets,sintetico
DEMO-PIN-HARBOR,DC-NORTH,2025-06-01,81,Northwind Demo Parts,Widgets,sintetico
DEMO-PIN-HARBOR,DC-NORTH,2025-07-01,79,Northwind Demo Parts,Widgets,sintetico
DEMO-PIN-HARBOR,DC-NORTH,2025-08-01,80,Northwind Demo Parts,Widgets,sintetico
DEMO-PIN-HARBOR,DC-NORTH,2025-09-01,81,Northwind Demo Parts,Widgets,sintetico
DEMO-PIN-HARBOR,DC-NORTH,2025-10-01,79,Northwind Demo Parts,Widgets,sintetico
DEMO-PIN-HARBOR,DC-NORTH,2025-11-01,80,Northwind Demo Parts,Widgets,sintetico
DEMO-PIN-HARBOR,DC-NORTH,2025-12-01,81,Northwind Demo Parts,Widgets,sintetico
DEMO-VALVE-IRIS,DC-SOUTH,2025-05-01,40,Contoso Fictional Co,Fasteners,sintetico
DEMO-VALVE-IRIS,DC-SOUTH,2025-06-01,41,Contoso Fictional Co,Fasteners,sintetico
DEMO-VALVE-IRIS,DC-SOUTH,2025-07-01,42,Contoso Fictional Co,Fasteners,sintetico
DEMO-VALVE-IRIS,DC-SOUTH,2025-08-01,43,Contoso Fictional Co,Fasteners,sintetico
DEMO-VALVE-IRIS,DC-SOUTH,2025-09-01,40,Contoso Fictional Co,Fasteners,sintetico
DEMO-VALVE-IRIS,DC-SOUTH,2025-10-01,41,Contoso Fictional Co,Fasteners,sintetico
DEMO-VALVE-IRIS,DC-SOUTH,2025-11-01,42,Contoso Fictional Co,Fasteners,sintetico
DEMO-VALVE-IRIS,DC-SOUTH,2025-12-01,43,Contoso Fictional Co,Fasteners,sintetico
DEMO-KIT-JUNIPER,DC-WEST,2024-01-01,60,Acme Sample Supply,Widgets,sintetico
DEMO-KIT-JUNIPER,DC-WEST,2024-02-01,61,Acme Sample Supply,Widgets,sintetico
DEMO-KIT-JUNIPER,DC-WEST,2024-03-01,62,Acme Sample Supply,Widgets,sintetico
DEMO-KIT-JUNIPER,DC-WEST,2024-04-01,60,Acme Sample Supply,Widgets,sintetico
DEMO-KIT-JUNIPER,DC-WEST,2024-05-01,61,Acme Sample Supply,Widgets,sintetico
DEMO-KIT-JUNIPER,DC-WEST,2024-06-01,62,Acme Sample Supply,Widgets,sintetico
DEMO-KIT-JUNIPER,DC-WEST,2024-07-01,60,Acme Sample Supply,Widgets,sintetico
DEMO-KIT-JUNIPER,DC-WEST,2024-08-01,61,Acme Sample Supply,Widgets,sintetico
DEMO-KIT-JUNIPER,DC-WEST,2024-09-01,62,Acme Sample Supply,Widgets,sintetico
DEMO-KIT-JUNIPER,DC-WEST,2024-10-01,60,Acme Sample Supply,Widgets,sintetico
DEMO-KIT-JUNIPER,DC-WEST,2024-11-01,61,Acme Sample Supply,Widgets,sintetico
DEMO-KIT-JUNIPER,DC-WEST,2024-12-01,62,Acme Sample Supply,Widgets,sintetico
DEMO-KIT-JUNIPER,DC-WEST,2025-01-01,60,Acme Sample Supply,Widgets,sintetico
DEMO-KIT-JUNIPER,DC-WEST,2025-02-01,61,Acme Sample Supply,Widgets,sintetico
DEMO-KIT-JUNIPER,DC-WEST,2025-03-01,62,Acme Sample Supply,Widgets,sintetico
DEMO-KIT-JUNIPER,DC-WEST,2025-04-01,60,Acme Sample Supply,Widgets,sintetico
DEMO-KIT-JUNIPER,DC-WEST,2025-05-01,61,Acme Sample Supply,Widgets,sintetico
DEMO-KIT-JUNIPER,DC-WEST,2025-06-01,62,Acme Sample Supply,Widgets,sintetico
DEMO-KIT-JUNIPER,DC-WEST,2025-07-01,60,Acme Sample Supply,Widgets,sintetico
DEMO-KIT-JUNIPER,DC-WEST,2025-08-01,61,Acme Sample Supply,Widgets,sintetico
DEMO-KIT-JUNIPER,DC-WEST,2025-09-01,62,Acme Sample Supply,Widgets,sintetico
DEMO-KIT-JUNIPER,DC-WEST,2025-10-01,60,Acme Sample Supply,Widgets,sintetico
DEMO-KIT-JUNIPER,DC-WEST,2025-11-01,61,Acme Sample Supply,Widgets,sintetico
DEMO-KIT-JUNIPER,DC-WEST,2025-12-01,62,Acme Sample Supply,Widgets,sintetico
DEMO-BRACKET-KELP,DC-NORTH,2024-01-01,30,Northwind Demo Parts,Spares,sintetico
DEMO-BRACKET-KELP,DC-NORTH,2024-02-01,31,Northwind Demo Parts,Spares,sintetico
DEMO-BRACKET-KELP,DC-NORTH,2024-03-01,32,Northwind Demo Parts,Spares,sintetico
DEMO-BRACKET-KELP,DC-NORTH,2024-04-01,30,Northwind Demo Parts,Spares,sintetico
DEMO-BRACKET-KELP,DC-NORTH,2024-05-01,31,Northwind Demo Parts,Spares,sintetico
DEMO-BRACKET-KELP,DC-NORTH,2024-06-01,32,Northwind Demo Parts,Spares,sintetico
DEMO-BRACKET-KELP,DC-NORTH,2024-07-01,30,Northwind Demo Parts,Spares,sintetico
DEMO-BRACKET-KELP,DC-NORTH,2024-08-01,31,Northwind Demo Parts,Spares,sintetico
DEMO-BRACKET-KELP,DC-NORTH,2024-09-01,32,Northwind Demo Parts,Spares,sintetico
DEMO-BRACKET-KELP,DC-NORTH,2024-10-01,30,Northwind Demo Parts,Spares,sintetico
DEMO-BRACKET-KELP,DC-NORTH,2024-11-01,31,Northwind Demo Parts,Spares,sintetico
DEMO-BRACKET-KELP,DC-NORTH,2024-12-01,32,Northwind Demo Parts,Spares,sintetico
DEMO-BRACKET-KELP,DC-NORTH,2025-01-01,30,Northwind Demo Parts,Spares,sintetico
DEMO-BRACKET-KELP,DC-NORTH,2025-02-01,31,Northwind Demo Parts,Spares,sintetico
DEMO-BRACKET-KELP,DC-NORTH,2025-03-01,32,Northwind Demo Parts,Spares,sintetico
DEMO-BRACKET-KELP,DC-NORTH,2025-04-01,30,Northwind Demo Parts,Spares,sintetico
DEMO-BRACKET-KELP,DC-NORTH,2025-05-01,31,Northwind Demo Parts,Spares,sintetico
DEMO-BRACKET-KELP,DC-NORTH,2025-06-01,32,Northwind Demo Parts,Spares,sintetico
DEMO-BRACKET-KELP,DC-NORTH,2025-07-01,30,Northwind Demo Parts,Spares,sintetico
DEMO-BRACKET-KELP,DC-NORTH,2025-08-01,31,Northwind Demo Parts,Spares,sintetico
DEMO-BRACKET-KELP,DC-NORTH,2025-09-01,32,Northwind Demo Parts,Spares,sintetico
DEMO-BRACKET-KELP,DC-NORTH,2025-10-01,30,Northwind Demo Parts,Spares,sintetico
DEMO-BRACKET-KELP,DC-NORTH,2025-11-01,31,Northwind Demo Parts,Spares,sintetico
DEMO-BRACKET-KELP,DC-NORTH,2025-12-01,32,Northwind Demo Parts,Spares,sintetico
